C:\AI_Aaroha\Projects_Oct\AI-Driven-Autonomous-Vehicles\simulation_data\IMG\center_2020_11_16_02_42_52_390.jpg,C:\AI_Aaroha\Projects_Oct\AI-Driven-Autonomous-Vehicles\simulation_data\IMG\left_2020_11_16_02_42_52_390.jpg,C:\AI_Aaroha\Projects_Oct\AI-Driven-Autonomous-Vehicles\simulation_data\IMG\right_2020_11_16_02_42_52_390.jpg,0,0,0,5.435126
C:\AI_Aaroha\Projects_Oct\AI-Driven-Autonomous-Vehicles\simulation_data\IMG\center_2020_11_16_02_42_52_518.jpg,C:\AI_Aaroha\Projects_Oct\AI-Driven-Autonomous-Vehicles\simulation_data\IMG\left_2020_11_16_02_42_52_518.jpg,C:\AI_Aaroha\Projects_Oct\AI-Driven-Autonomous-Vehicles\simulation_data\IMG\right_2020_11_16_02_42_52_518.jpg,0,0,0,5.358913
C:\AI_Aaroha\Projects_Oct\AI-Driven-Autonomous-Vehicles\simulation_data\IMG\center_2020_11_16_02_42_52_635.jpg,C:\AI_Aaroha\Projects_Oct\AI-Driven-Autonomous-Vehicles\simulation_data\IMG\left_2020_11_16_02_42_52_635.jpg,C:\AI_Aaroha\Projects_Oct\AI-Driven-Autonomous-Vehicles\simulation_data\IMG\right_2020_11_16_02_42_52_635.jpg,0,0,0,5.29444
C:\AI_Aaroha\Projects_Oct\AI-Driven-Autonomous-Vehicles\simulation_data\IMG\center_2020_11_16_02_42_52_704.jpg,C:\AI_Aaroha\Projects_Oct\AI-Driven-Autonomous-Vehicles\simulation_data\IMG\left_2020_11_16_02_42_52_704.jpg,C:\AI_Aaroha\Projects_Oct\AI-Driven-Autonomous-Vehicles\simulation_data\IMG\right_2020_11_16_02_42_52_704.jpg,0,0,0,5.262494
C:\AI_Aaroha\Projects_Oct\AI-Driven-Autonomous-Vehicles\simulation_data\IMG\center_2020_11_16_02_42_52_774.jpg,C:\AI_Aaroha\Projects_Oct\AI-Driven-Autonomous-Vehicles\simulation_data\IMG\left_2020_11_16_02_42_52_774.jpg,C:\AI_Aaroha\Projects_Oct\AI-Driven-Autonomous-Vehicles\simulation_data\IMG\right_2020_11_16_02_42_52_774.jpg,0,0,0,5.2202
C:\AI_Aaroha\Projects_Oct\AI-Driven-Autonomous-Vehicles\simulation_data\IMG\center_2020_11_16_02_42_52_842.jpg,C:\AI_Aaroha\Projects_Oct\AI-Driven-Autonomous-Vehicles\simulation_data\IMG\left_2020_11_16_02_42_52_842.jpg,C:\AI_Aaroha\Projects_Oct\AI-Driven-Autonomous-Vehicles\simulation_data\IMG\right_2020_11_16_02_42_52_842.jpg,0,0,0,5.188702
C:\AI_Aaroha\Projects_Oct\AI-Driven-Autonomous-Vehicles\simulation_data\IMG\center_2020_11_16_02_42_52_912.jpg,C:\AI_Aaroha\Projects_Oct\AI-Driven-Autonomous-Vehicles\simulation_data\IMG\left_2020_11_16_02_42_52_912.jpg,C:\AI_Aaroha\Projects_Oct\AI-Driven-Autonomous-Vehicles\simulation_data\IMG\right_2020_11_16_02_42_52_912.jpg,0,0,0,5.157395
C:\AI_Aaroha\Projects_Oct\AI-Driven-Autonomous-Vehicles\simulation_data\IMG\center_2020_11_16_02_42_53_036.jpg,C:\AI_Aaroha\Projects_Oct\AI-Driven-Autonomous-Vehicles\simulation_data\IMG\left_2020_11_16_02_42_53_036.jpg,C:\AI_Aaroha\Projects_Oct\AI-Driven-Autonomous-Vehicles\simulation_data\IMG\right_2020_11_16_02_42_53_036.jpg,0,0,0,5.085077
C:\AI_Aaroha\Projects_Oct\AI-Driven-Autonomous-Vehicles\simulation_data\IMG\center_2020_11_16_02_42_53_147.jpg,C:\AI_Aaroha\Projects_Oct\AI-Driven-Autonomous-Vehicles\simulation_data\IMG\left_2020_11_16_02_42_53_147.jpg,C:\AI_Aaroha\Projects_Oct\AI-Driven-Autonomous-Vehicles\simulation_data\IMG\right_2020_11_16_02_42_53_147.jpg,0,0,0,5.034043
C:\AI_Aaroha\Projects_Oct\AI-Driven-Autonomous-Vehicles\simulation_data\IMG\center_2020_11_16_02_42_53_254.jpg,C:\AI_Aaroha\Projects_Oct\AI-Driven-Autonomous-Vehicles\simulation_data\IMG\left_2020_11_16_02_42_53_254.jpg,C:\AI_Aaroha\Projects_Oct\AI-Driven-Autonomous-Vehicles\simulation_data\IMG\right_2020_11_16_02_42_53_254.jpg,0,0,0,4.97348
C:\AI_Aaroha\Projects_Oct\AI-Driven-Autonomous-Vehicles\simulation_data\IMG\center_2020_11_16_02_42_53_365.jpg,C:\AI_Aaroha\Projects_Oct\AI-Driven-Autonomous-Vehicles\simulation_data\IMG\left_2020_11_16_02_42_53_365.jpg,C:\AI_Aaroha\Projects_Oct\AI-Driven-Autonomous-Vehicles\simulation_data\IMG\right_2020_11_16_02_42_53_365.jpg,0,0,0,4.923565
C:\AI_Aaroha\Projects_Oct\AI-Driven-Autonomous-Vehicles\simulation_data\IMG\center_2020_11_16_02_42_53_473.jpg,C:\AI_Aaroha\Projects_Oct\AI-Driven-Autonomous-Vehicles\simulation_data\IMG\left_2020_11_16_02_42_53_473.jpg,C:\AI_Aaroha\Projects_Oct\AI-Driven-Autonomous-Vehicles\simulation_data\IMG\right_2020_11_16_02_42_53_473.jpg,0,0,0,4.86433
C:\AI_Aaroha\Projects_Oct\AI-Driven-Autonomous-Vehicles\simulation_data\IMG\center_2020_11_16_02_42_53_586.jpg,C:\AI_Aaroha\Projects_Oct\AI-Driven-Autonomous-Vehicles\simulation_data\IMG\left_2020_11_16_02_42_53_586.jpg,C:\AI_Aaroha\Projects_Oct\AI-Driven-Autonomous-Vehicles\simulation_data\IMG\right_2020_11_16_02_42_53_586.jpg,0,0,0,4.815513
C:\AI_Aaroha\Projects_Oct\AI-Driven-Autonomous-Vehicles\simulation_data\IMG\center_2020_11_16_02_42_53_709.jpg,C:\AI_Aaroha\Projects_Oct\AI-Driven-Autonomous-Vehicles\simulation_data\IMG\left_2020_11_16_02_42_53_709.jpg,C:\AI_Aaroha\Projects_Oct\AI-Driven-Autonomous-Vehicles\simulation_data\IMG\right_2020_11_16_02_42_53_709.jpg,0,0,0,4.757185
C:\AI_Aaroha\Projects_Oct\AI-Driven-Autonomous-Vehicles\simulation_data\IMG\center_2020_11_16_02_42_53_823.jpg,C:\AI_Aaroha\Projects_Oct\AI-Driven-Autonomous-Vehicles\simulation_data\IMG\left_2020_11_16_02_42_53_823.jpg,C:\AI_Aaroha\Projects_Oct\AI-Driven-Autonomous-Vehicles\simulation_data\IMG\right_2020_11_16_02_42_53_823.jpg,0,0,0,4.699494
C:\AI_Aaroha\Projects_Oct\AI-Driven-Autonomous-Vehicles\simulation_data\IMG\center_2020_11_16_02_42_53_931.jpg,C:\AI_Aaroha\Projects_Oct\AI-Driven-Autonomous-Vehicles\simulation_data\IMG\left_2020_11_16_02_42_53_931.jpg,C:\AI_Aaroha\Projects_Oct\AI-Driven-Autonomous-Vehicles\simulation_data\IMG\right_2020_11_16_02_42_53_931.jpg,0,0,0,4.651972
C:\AI_Aaroha\Projects_Oct\AI-Driven-Autonomous-Vehicles\simulation_data\IMG\center_2020_11_16_02_42_54_037.jpg,C:\AI_Aaroha\Projects_Oct\AI-Driven-Autonomous-Vehicles\simulation_data\IMG\left_2020_11_16_02_42_54_037.jpg,C:\AI_Aaroha\Projects_Oct\AI-Driven-Autonomous-Vehicles\simulation_data\IMG\right_2020_11_16_02_42_54_037.jpg,0,0,0,4.595307
C:\AI_Aaroha\Projects_Oct\AI-Driven-Autonomous-Vehicles\simulation_data\IMG\center_2020_11_16_02_42_54_147.jpg,C:\AI_Aaroha\Projects_Oct\AI-Driven-Autonomous-Vehicles\simulation_data\IMG\left_2020_11_16_02_42_54_147.jpg,C:\AI_Aaroha\Projects_Oct\AI-Driven-Autonomous-Vehicles\simulation_data\IMG\right_2020_11_16_02_42_54_147.jpg,0,0,0,4.548566
C:\AI_Aaroha\Projects_Oct\AI-Driven-Autonomous-Vehicles\simulation_data\IMG\center_2020_11_16_02_42_54_256.jpg,C:\AI_Aaroha\Projects_Oct\AI-Driven-Autonomous-Vehicles\simulation_data\IMG\left_2020_11_16_02_42_54_256.jpg,C:\AI_Aaroha\Projects_Oct\AI-Driven-Autonomous-Vehicles\simulation_data\IMG\right_2020_11_16_02_42_54_256.jpg,0,0,0,4.493102
C:\AI_Aaroha\Projects_Oct\AI-Driven-Autonomous-Vehicles\simulation_data\IMG\center_2020_11_16_02_42_54_368.jpg,C:\AI_Aaroha\Projects_Oct\AI-Driven-Autonomous-Vehicles\simulation_data\IMG\left_2020_11_16_02_42_54_368.jpg,C:\AI_Aaroha\Projects_Oct\AI-Driven-Autonomous-Vehicles\simulation_data\IMG\right_2020_11_16_02_42_54_368.jpg,0,0,0,4.447394
C:\AI_Aaroha\Projects_Oct\AI-Driven-Autonomous-Vehicles\simulation_data\IMG\center_2020_11_16_02_42_54_470.jpg,C:\AI_Aaroha\Projects_Oct\AI-Driven-Autonomous-Vehicles\simulation_data\IMG\left_2020_11_16_02_42_54_470.jpg,C:\AI_Aaroha\Projects_Oct\AI-Driven-Autonomous-Vehicles\simulation_data\IMG\right_2020_11_16_02_42_54_470.jpg,0,0,0,4.402148
C:\AI_Aaroha\Projects_Oct\AI-Driven-Autonomous-Vehicles\simulation_data\IMG\center_2020_11_16_02_42_54_581.jpg,C:\AI_Aaroha\Projects_Oct\AI-Driven-Autonomous-Vehicles\simulation_data\IMG\left_2020_11_16_02_42_54_581.jpg,C:\AI_Aaroha\Projects_Oct\AI-Driven-Autonomous-Vehicles\simulation_data\IMG\right_2020_11_16_02_42_54_581.jpg,0,0,0,4.348457
C:\AI_Aaroha\Projects_Oct\AI-Driven-Autonomous-Vehicles\simulation_data\IMG\center_2020_11_16_02_42_54_688.jpg,C:\AI_Aaroha\Projects_Oct\AI-Driven-Autonomous-Vehicles\simulation_data\IMG\left_2020_11_16_02_42_54_688.jpg,C:\AI_Aaroha\Projects_Oct\AI-Driven-Autonomous-Vehicles\simulation_data\IMG\right_2020_11_16_02_42_54_688.jpg,0,0,0,4.304212
C:\AI_Aaroha\Projects_Oct\AI-Driven-Autonomous-Vehicles\simulation_data\IMG\center_2020_11_16_02_42_54_793.jpg,C:\AI_Aaroha\Projects_Oct\AI-Driven-Autonomous-Vehicles\simulation_data\IMG\left_2020_11_16_02_42_54_793.jpg,C:\AI_Aaroha\Projects_Oct\AI-Driven-Autonomous-Vehicles\simulation_data\IMG\right_2020_11_16_02_42_54_793.jpg,0,0,0,4.251706
C:\AI_Aaroha\Projects_Oct\AI-Driven-Autonomous-Vehicles\simulation_data\IMG\center_2020_11_16_02_42_54_902.jpg,C:\AI_Aaroha\Projects_Oct\AI-Driven-Autonomous-Vehicles\simulation_data\IMG\left_2020_11_16_02_42_54_902.jpg,C:\AI_Aaroha\Projects_Oct\AI-Driven-Autonomous-Vehicles\simulation_data\IMG\right_2020_11_16_02_42_54_902.jpg,0,0,0,4.208437
C:\AI_Aaroha\Projects_Oct\AI-Driven-Autonomous-Vehicles\simulation_data\IMG\center_2020_11_16_02_42_55_008.jpg,C:\AI_Aaroha\Projects_Oct\AI-Driven-Autonomous-Vehicles\simulation_data\IMG\left_2020_11_16_02_42_55_008.jpg,C:\AI_Aaroha\Projects_Oct\AI-Driven-Autonomous-Vehicles\simulation_data\IMG\right_2020_11_16_02_42_55_008.jpg,0,0,0,4.165607
C:\AI_Aaroha\Projects_Oct\AI-Driven-Autonomous-Vehicles\simulation_data\IMG\center_2020_11_16_02_42_55_118.jpg,C:\AI_Aaroha\Projects_Oct\AI-Driven-Autonomous-Vehicles\simulation_data\IMG\left_2020_11_16_02_42_55_118.jpg,C:\AI_Aaroha\Projects_Oct\AI-Driven-Autonomous-Vehicles\simulation_data\IMG\right_2020_11_16_02_42_55_118.jpg,0,0,0,4.114632
C:\AI_Aaroha\Projects_Oct\AI-Driven-Autonomous-Vehicles\simulation_data\IMG\center_2020_11_16_02_42_55_224.jpg,C:\AI_Aaroha\Projects_Oct\AI-Driven-Autonomous-Vehicles\simulation_data\IMG\left_2020_11_16_02_42_55_224.jpg,C:\AI_Aaroha\Projects_Oct\AI-Driven-Autonomous-Vehicles\simulation_data\IMG\right_2020_11_16_02_42_55_224.jpg,0,0,0,4.072443
C:\AI_Aaroha\Projects_Oct\AI-Driven-Autonomous-Vehicles\simulation_data\IMG\center_2020_11_16_02_42_55_336.jpg,C:\AI_Aaroha\Projects_Oct\AI-Driven-Autonomous-Vehicles\simulation_data\IMG\left_2020_11_16_02_42_55_336.jpg,C:\AI_Aaroha\Projects_Oct\AI-Driven-Autonomous-Vehicles\simulation_data\IMG\right_2020_11_16_02_42_55_336.jpg,0,0,0,4.022413
C:\AI_Aaroha\Projects_Oct\AI-Driven-Autonomous-Vehicles\simulation_data\IMG\center_2020_11_16_02_42_55_448.jpg,C:\AI_Aaroha\Projects_Oct\AI-Driven-Autonomous-Vehicles\simulation_data\IMG\left_2020_11_16_02_42_55_448.jpg,C:\AI_Aaroha\Projects_Oct\AI-Driven-Autonomous-Vehicles\simulation_data\IMG\right_2020_11_16_02_42_55_448.jpg,0,0,0,3.981182
C:\AI_Aaroha\Projects_Oct\AI-Driven-Autonomous-Vehicles\simulation_data\IMG\center_2020_11_16_02_42_55_570.jpg,C:\AI_Aaroha\Projects_Oct\AI-Driven-Autonomous-Vehicles\simulation_data\IMG\left_2020_11_16_02_42_55_570.jpg,C:\AI_Aaroha\Projects_Oct\AI-Driven-Autonomous-Vehicles\simulation_data\IMG\right_2020_11_16_02_42_55_570.jpg,0,0,0,3.932089
C:\AI_Aaroha\Projects_Oct\AI-Driven-Autonomous-Vehicles\simulation_data\IMG\center_2020_11_16_02_42_55_679.jpg,C:\AI_Aaroha\Projects_Oct\AI-Driven-Autonomous-Vehicles\simulation_data\IMG\left_2020_11_16_02_42_55_679.jpg,C:\AI_Aaroha\Projects_Oct\AI-Driven-Autonomous-Vehicles\simulation_data\IMG\right_2020_11_16_02_42_55_679.jpg,0,0,0,3.883501
C:\AI_Aaroha\Projects_Oct\AI-Driven-Autonomous-Vehicles\simulation_data\IMG\center_2020_11_16_02_42_55_788.jpg,C:\AI_Aaroha\Projects_Oct\AI-Driven-Autonomous-Vehicles\simulation_data\IMG\left_2020_11_16_02_42_55_788.jpg,C:\AI_Aaroha\Projects_Oct\AI-Driven-Autonomous-Vehicles\simulation_data\IMG\right_2020_11_16_02_42_55_788.jpg,0,0,0,3.843457
C:\AI_Aaroha\Projects_Oct\AI-Driven-Autonomous-Vehicles\simulation_data\IMG\center_2020_11_16_02_42_55_901.jpg,C:\AI_Aaroha\Projects_Oct\AI-Driven-Autonomous-Vehicles\simulation_data\IMG\left_2020_11_16_02_42_55_901.jpg,C:\AI_Aaroha\Projects_Oct\AI-Driven-Autonomous-Vehicles\simulation_data\IMG\right_2020_11_16_02_42_55_901.jpg,0,0,0.165204,3.761333
C:\AI_Aaroha\Projects_Oct\AI-Driven-Autonomous-Vehicles\simulation_data\IMG\center_2020_11_16_02_42_56_008.jpg,C:\AI_Aaroha\Projects_Oct\AI-Driven-Autonomous-Vehicles\simulation_data\IMG\left_2020_11_16_02_42_56_008.jpg,C:\AI_Aaroha\Projects_Oct\AI-Driven-Autonomous-Vehicles\simulation_data\IMG\right_2020_11_16_02_42_56_008.jpg,0,0,0.1639512,3.627385
C:\AI_Aaroha\Projects_Oct\AI-Driven-Autonomous-Vehicles\simulation_data\IMG\center_2020_11_16_02_42_56_116.jpg,C:\AI_Aaroha\Projects_Oct\AI-Driven-Autonomous-Vehicles\simulation_data\IMG\left_2020_11_16_02_42_56_116.jpg,C:\AI_Aaroha\Projects_Oct\AI-Driven-Autonomous-Vehicles\simulation_data\IMG\right_2020_11_16_02_42_56_116.jpg,0,0,0,3.580031
C:\AI_Aaroha\Projects_Oct\AI-Driven-Autonomous-Vehicles\simulation_data\IMG\center_2020_11_16_02_42_56_231.jpg,C:\AI_Aaroha\Projects_Oct\AI-Driven-Autonomous-Vehicles\simulation_data\IMG\left_2020_11_16_02_42_56_231.jpg,C:\AI_Aaroha\Projects_Oct\AI-Driven-Autonomous-Vehicles\simulation_data\IMG\right_2020_11_16_02_42_56_231.jpg,0,0,0,3.543032
C:\AI_Aaroha\Projects_Oct\AI-Driven-Autonomous-Vehicles\simulation_data\IMG\center_2020_11_16_02_42_56_338.jpg,C:\AI_Aaroha\Projects_Oct\AI-Driven-Autonomous-Vehicles\simulation_data\IMG\left_2020_11_16_02_42_56_338.jpg,C:\AI_Aaroha\Projects_Oct\AI-Driven-Autonomous-Vehicles\simulation_data\IMG\right_2020_11_16_02_42_56_338.jpg,0,0,0,3.499124
C:\AI_Aaroha\Projects_Oct\AI-Driven-Autonomous-Vehicles\simulation_data\IMG\center_2020_11_16_02_42_56_449.jpg,C:\AI_Aaroha\Projects_Oct\AI-Driven-Autonomous-Vehicles\simulation_data\IMG\left_2020_11_16_02_42_56_449.jpg,C:\AI_Aaroha\Projects_Oct\AI-Driven-Autonomous-Vehicles\simulation_data\IMG\right_2020_11_16_02_42_56_449.jpg,0,0,0,3.462937
C:\AI_Aaroha\Projects_Oct\AI-Driven-Autonomous-Vehicles\simulation_data\IMG\center_2020_11_16_02_42_56_561.jpg,C:\AI_Aaroha\Projects_Oct\AI-Driven-Autonomous-Vehicles\simulation_data\IMG\left_2020_11_16_02_42_56_561.jpg,C:\AI_Aaroha\Projects_Oct\AI-Driven-Autonomous-Vehicles\simulation_data\IMG\right_2020_11_16_02_42_56_561.jpg,0,0,0,3.419992
C:\AI_Aaroha\Projects_Oct\AI-Driven-Autonomous-Vehicles\simulation_data\IMG\center_2020_11_16_02_42_56_667.jpg,C:\AI_Aaroha\Projects_Oct\AI-Driven-Autonomous-Vehicles\simulation_data\IMG\left_2020_11_16_02_42_56_667.jpg,C:\AI_Aaroha\Projects_Oct\AI-Driven-Autonomous-Vehicles\simulation_data\IMG\right_2020_11_16_02_42_56_667.jpg,0,0,0,3.3846
C:\AI_Aaroha\Projects_Oct\AI-Driven-Autonomous-Vehicles\simulation_data\IMG\center_2020_11_16_02_42_56_775.jpg,C:\AI_Aaroha\Projects_Oct\AI-Driven-Autonomous-Vehicles\simulation_data\IMG\left_2020_11_16_02_42_56_775.jpg,C:\AI_Aaroha\Projects_Oct\AI-Driven-Autonomous-Vehicles\simulation_data\IMG\right_2020_11_16_02_42_56_775.jpg,0,0,0,3.342598
C:\AI_Aaroha\Projects_Oct\AI-Driven-Autonomous-Vehicles\simulation_data\IMG\center_2020_11_16_02_42_56_884.jpg,C:\AI_Aaroha\Projects_Oct\AI-Driven-Autonomous-Vehicles\simulation_data\IMG\left_2020_11_16_02_42_56_884.jpg,C:\AI_Aaroha\Projects_Oct\AI-Driven-Autonomous-Vehicles\simulation_data\IMG\right_2020_11_16_02_42_56_884.jpg,0,0,0,3.307982
C:\AI_Aaroha\Projects_Oct\AI-Driven-Autonomous-Vehicles\simulation_data\IMG\center_2020_11_16_02_42_56_997.jpg,C:\AI_Aaroha\Projects_Oct\AI-Driven-Autonomous-Vehicles\simulation_data\IMG\left_2020_11_16_02_42_56_997.jpg,C:\AI_Aaroha\Projects_Oct\AI-Driven-Autonomous-Vehicles\simulation_data\IMG\right_2020_11_16_02_42_56_997.jpg,0,0,0,3.266901
C:\AI_Aaroha\Projects_Oct\AI-Driven-Autonomous-Vehicles\simulation_data\IMG\center_2020_11_16_02_42_57_101.jpg,C:\AI_Aaroha\Projects_Oct\AI-Driven-Autonomous-Vehicles\simulation_data\IMG\left_2020_11_16_02_42_57_101.jpg,C:\AI_Aaroha\Projects_Oct\AI-Driven-Autonomous-Vehicles\simulation_data\IMG\right_2020_11_16_02_42_57_101.jpg,0,0,0,3.233044
C:\AI_Aaroha\Projects_Oct\AI-Driven-Autonomous-Vehicles\simulation_data\IMG\center_2020_11_16_02_42_57_209.jpg,C:\AI_Aaroha\Projects_Oct\AI-Driven-Autonomous-Vehicles\simulation_data\IMG\left_2020_11_16_02_42_57_209.jpg,C:\AI_Aaroha\Projects_Oct\AI-Driven-Autonomous-Vehicles\simulation_data\IMG\right_2020_11_16_02_42_57_209.jpg,0,0,0,3.199527
C:\AI_Aaroha\Projects_Oct\AI-Driven-Autonomous-Vehicles\simulation_data\IMG\center_2020_11_16_02_42_57_318.jpg,C:\AI_Aaroha\Projects_Oct\AI-Driven-Autonomous-Vehicles\simulation_data\IMG\left_2020_11_16_02_42_57_318.jpg,C:\AI_Aaroha\Projects_Oct\AI-Driven-Autonomous-Vehicles\simulation_data\IMG\right_2020_11_16_02_42_57_318.jpg,0,0,0,3.159751
C:\AI_Aaroha\Projects_Oct\AI-Driven-Autonomous-Vehicles\simulation_data\IMG\center_2020_11_16_02_42_57_424.jpg,C:\AI_Aaroha\Projects_Oct\AI-Driven-Autonomous-Vehicles\simulation_data\IMG\left_2020_11_16_02_42_57_424.jpg,C:\AI_Aaroha\Projects_Oct\AI-Driven-Autonomous-Vehicles\simulation_data\IMG\right_2020_11_16_02_42_57_424.jpg,0,0,0,3.12697
C:\AI_Aaroha\Projects_Oct\AI-Driven-Autonomous-Vehicles\simulation_data\IMG\center_2020_11_16_02_42_57_532.jpg,C:\AI_Aaroha\Projects_Oct\AI-Driven-Autonomous-Vehicles\simulation_data\IMG\left_2020_11_16_02_42_57_532.jpg,C:\AI_Aaroha\Projects_Oct\AI-Driven-Autonomous-Vehicles\simulation_data\IMG\right_2020_11_16_02_42_57_532.jpg,0,0,0,3.094517
C:\AI_Aaroha\Projects_Oct\AI-Driven-Autonomous-Vehicles\simulation_data\IMG\center_2020_11_16_02_42_57_640.jpg,C:\AI_Aaroha\Projects_Oct\AI-Driven-Autonomous-Vehicles\simulation_data\IMG\left_2020_11_16_02_42_57_640.jpg,C:\AI_Aaroha\Projects_Oct\AI-Driven-Autonomous-Vehicles\simulation_data\IMG\right_2020_11_16_02_42_57_640.jpg,0,0,0,3.056004
C:\AI_Aaroha\Projects_Oct\AI-Driven-Autonomous-Vehicles\simulation_data\IMG\center_2020_11_16_02_42_57_746.jpg,C:\AI_Aaroha\Projects_Oct\AI-Driven-Autonomous-Vehicles\simulation_data\IMG\left_2020_11_16_02_42_57_746.jpg,C:\AI_Aaroha\Projects_Oct\AI-Driven-Autonomous-Vehicles\simulation_data\IMG\right_2020_11_16_02_42_57_746.jpg,0,0,0,3.024264
C:\AI_Aaroha\Projects_Oct\AI-Driven-Autonomous-Vehicles\simulation_data\IMG\center_2020_11_16_02_42_57_855.jpg,C:\AI_Aaroha\Projects_Oct\AI-Driven-Autonomous-Vehicles\simulation_data\IMG\left_2020_11_16_02_42_57_855.jpg,C:\AI_Aaroha\Projects_Oct\AI-Driven-Autonomous-Vehicles\simulation_data\IMG\right_2020_11_16_02_42_57_855.jpg,0,0,0,2.986597
C:\AI_Aaroha\Projects_Oct\AI-Driven-Autonomous-Vehicles\simulation_data\IMG\center_2020_11_16_02_42_57_970.jpg,C:\AI_Aaroha\Projects_Oct\AI-Driven-Autonomous-Vehicles\simulation_data\IMG\left_2020_11_16_02_42_57_970.jpg,C:\AI_Aaroha\Projects_Oct\AI-Driven-Autonomous-Vehicles\simulation_data\IMG\right_2020_11_16_02_42_57_970.jpg,0,0,0.3448737,2.845762
C:\AI_Aaroha\Projects_Oct\AI-Driven-Autonomous-Vehicles\simulation_data\IMG\center_2020_11_16_02_42_58_084.jpg,C:\AI_Aaroha\Projects_Oct\AI-Driven-Autonomous-Vehicles\simulation_data\IMG\left_2020_11_16_02_42_58_084.jpg,C:\AI_Aaroha\Projects_Oct\AI-Driven-Autonomous-Vehicles\simulation_data\IMG\right_2020_11_16_02_42_58_084.jpg,0,0,0.003236398,2.772843
C:\AI_Aaroha\Projects_Oct\AI-Driven-Autonomous-Vehicles\simulation_data\IMG\center_2020_11_16_02_42_58_195.jpg,C:\AI_Aaroha\Projects_Oct\AI-Driven-Autonomous-Vehicles\simulation_data\IMG\left_2020_11_16_02_42_58_195.jpg,C:\AI_Aaroha\Projects_Oct\AI-Driven-Autonomous-Vehicles\simulation_data\IMG\right_2020_11_16_02_42_58_195.jpg,0,0,0,2.758797
C:\AI_Aaroha\Projects_Oct\AI-Driven-Autonomous-Vehicles\simulation_data\IMG\center_2020_11_16_02_42_58_303.jpg,C:\AI_Aaroha\Projects_Oct\AI-Driven-Autonomous-Vehicles\simulation_data\IMG\left_2020_11_16_02_42_58_303.jpg,C:\AI_Aaroha\Projects_Oct\AI-Driven-Autonomous-Vehicles\simulation_data\IMG\right_2020_11_16_02_42_58_303.jpg,0,0,0,2.730038
C:\AI_Aaroha\Projects_Oct\AI-Driven-Autonomous-Vehicles\simulation_data\IMG\center_2020_11_16_02_42_58_412.jpg,C:\AI_Aaroha\Projects_Oct\AI-Driven-Autonomous-Vehicles\simulation_data\IMG\left_2020_11_16_02_42_58_412.jpg,C:\AI_Aaroha\Projects_Oct\AI-Driven-Autonomous-Vehicles\simulation_data\IMG\right_2020_11_16_02_42_58_412.jpg,0,0,0,2.695909
C:\AI_Aaroha\Projects_Oct\AI-Driven-Autonomous-Vehicles\simulation_data\IMG\center_2020_11_16_02_42_58_523.jpg,C:\AI_Aaroha\Projects_Oct\AI-Driven-Autonomous-Vehicles\simulation_data\IMG\left_2020_11_16_02_42_58_523.jpg,C:\AI_Aaroha\Projects_Oct\AI-Driven-Autonomous-Vehicles\simulation_data\IMG\right_2020_11_16_02_42_58_523.jpg,0,0,0,2.667782
C:\AI_Aaroha\Projects_Oct\AI-Driven-Autonomous-Vehicles\simulation_data\IMG\center_2020_11_16_02_42_58_631.jpg,C:\AI_Aaroha\Projects_Oct\AI-Driven-Autonomous-Vehicles\simulation_data\IMG\left_2020_11_16_02_42_58_631.jpg,C:\AI_Aaroha\Projects_Oct\AI-Driven-Autonomous-Vehicles\simulation_data\IMG\right_2020_11_16_02_42_58_631.jpg,0,0,0,2.639937
C:\AI_Aaroha\Projects_Oct\AI-Driven-Autonomous-Vehicles\simulation_data\IMG\center_2020_11_16_02_42_58_737.jpg,C:\AI_Aaroha\Projects_Oct\AI-Driven-Autonomous-Vehicles\simulation_data\IMG\left_2020_11_16_02_42_58_737.jpg,C:\AI_Aaroha\Projects_Oct\AI-Driven-Autonomous-Vehicles\simulation_data\IMG\right_2020_11_16_02_42_58_737.jpg,0,0,0,2.606891
C:\AI_Aaroha\Projects_Oct\AI-Driven-Autonomous-Vehicles\simulation_data\IMG\center_2020_11_16_02_42_58_845.jpg,C:\AI_Aaroha\Projects_Oct\AI-Driven-Autonomous-Vehicles\simulation_data\IMG\left_2020_11_16_02_42_58_845.jpg,C:\AI_Aaroha\Projects_Oct\AI-Driven-Autonomous-Vehicles\simulation_data\IMG\right_2020_11_16_02_42_58_845.jpg,0,0,0,2.579657
C:\AI_Aaroha\Projects_Oct\AI-Driven-Autonomous-Vehicles\simulation_data\IMG\center_2020_11_16_02_42_58_959.jpg,C:\AI_Aaroha\Projects_Oct\AI-Driven-Autonomous-Vehicles\simulation_data\IMG\left_2020_11_16_02_42_58_959.jpg,C:\AI_Aaroha\Projects_Oct\AI-Driven-Autonomous-Vehicles\simulation_data\IMG\right_2020_11_16_02_42_58_959.jpg,0,0,0,2.547337
C:\AI_Aaroha\Projects_Oct\AI-Driven-Autonomous-Vehicles\simulation_data\IMG\center_2020_11_16_02_42_59_070.jpg,C:\AI_Aaroha\Projects_Oct\AI-Driven-Autonomous-Vehicles\simulation_data\IMG\left_2020_11_16_02_42_59_070.jpg,C:\AI_Aaroha\Projects_Oct\AI-Driven-Autonomous-Vehicles\simulation_data\IMG\right_2020_11_16_02_42_59_070.jpg,0,0,0,2.5207
C:\AI_Aaroha\Projects_Oct\AI-Driven-Autonomous-Vehicles\simulation_data\IMG\center_2020_11_16_02_42_59_177.jpg,C:\AI_Aaroha\Projects_Oct\AI-Driven-Autonomous-Vehicles\simulation_data\IMG\left_2020_11_16_02_42_59_177.jpg,C:\AI_Aaroha\Projects_Oct\AI-Driven-Autonomous-Vehicles\simulation_data\IMG\right_2020_11_16_02_42_59_177.jpg,0,0,0,2.48926
C:\AI_Aaroha\Projects_Oct\AI-Driven-Autonomous-Vehicles\simulation_data\IMG\center_2020_11_16_02_42_59_284.jpg,C:\AI_Aaroha\Projects_Oct\AI-Driven-Autonomous-Vehicles\simulation_data\IMG\left_2020_11_16_02_42_59_284.jpg,C:\AI_Aaroha\Projects_Oct\AI-Driven-Autonomous-Vehicles\simulation_data\IMG\right_2020_11_16_02_42_59_284.jpg,0,0,0,2.463533
C:\AI_Aaroha\Projects_Oct\AI-Driven-Autonomous-Vehicles\simulation_data\IMG\center_2020_11_16_02_42_59_393.jpg,C:\AI_Aaroha\Projects_Oct\AI-Driven-Autonomous-Vehicles\simulation_data\IMG\left_2020_11_16_02_42_59_393.jpg,C:\AI_Aaroha\Projects_Oct\AI-Driven-Autonomous-Vehicles\simulation_data\IMG\right_2020_11_16_02_42_59_393.jpg,0,0,0,2.433038
C:\AI_Aaroha\Projects_Oct\AI-Driven-Autonomous-Vehicles\simulation_data\IMG\center_2020_11_16_02_42_59_499.jpg,C:\AI_Aaroha\Projects_Oct\AI-Driven-Autonomous-Vehicles\simulation_data\IMG\left_2020_11_16_02_42_59_499.jpg,C:\AI_Aaroha\Projects_Oct\AI-Driven-Autonomous-Vehicles\simulation_data\IMG\right_2020_11_16_02_42_59_499.jpg,0,0,0,2.407906
C:\AI_Aaroha\Projects_Oct\AI-Driven-Autonomous-Vehicles\simulation_data\IMG\center_2020_11_16_02_42_59_612.jpg,C:\AI_Aaroha\Projects_Oct\AI-Driven-Autonomous-Vehicles\simulation_data\IMG\left_2020_11_16_02_42_59_612.jpg,C:\AI_Aaroha\Projects_Oct\AI-Driven-Autonomous-Vehicles\simulation_data\IMG\right_2020_11_16_02_42_59_612.jpg,0,0,0,2.383025
C:\AI_Aaroha\Projects_Oct\AI-Driven-Autonomous-Vehicles\simulation_data\IMG\center_2020_11_16_02_42_59_719.jpg,C:\AI_Aaroha\Projects_Oct\AI-Driven-Autonomous-Vehicles\simulation_data\IMG\left_2020_11_16_02_42_59_719.jpg,C:\AI_Aaroha\Projects_Oct\AI-Driven-Autonomous-Vehicles\simulation_data\IMG\right_2020_11_16_02_42_59_719.jpg,0,0,0,2.353497
C:\AI_Aaroha\Projects_Oct\AI-Driven-Autonomous-Vehicles\simulation_data\IMG\center_2020_11_16_02_42_59_827.jpg,C:\AI_Aaroha\Projects_Oct\AI-Driven-Autonomous-Vehicles\simulation_data\IMG\left_2020_11_16_02_42_59_827.jpg,C:\AI_Aaroha\Projects_Oct\AI-Driven-Autonomous-Vehicles\simulation_data\IMG\right_2020_11_16_02_42_59_827.jpg,0,0,0,2.329162
C:\AI_Aaroha\Projects_Oct\AI-Driven-Autonomous-Vehicles\simulation_data\IMG\center_2020_11_16_02_42_59_936.jpg,C:\AI_Aaroha\Projects_Oct\AI-Driven-Autonomous-Vehicles\simulation_data\IMG\left_2020_11_16_02_42_59_936.jpg,C:\AI_Aaroha\Projects_Oct\AI-Driven-Autonomous-Vehicles\simulation_data\IMG\right_2020_11_16_02_42_59_936.jpg,0,0,0,2.300282
C:\AI_Aaroha\Projects_Oct\AI-Driven-Autonomous-Vehicles\simulation_data\IMG\center_2020_11_16_02_43_00_047.jpg,C:\AI_Aaroha\Projects_Oct\AI-Driven-Autonomous-Vehicles\simulation_data\IMG\left_2020_11_16_02_43_00_047.jpg,C:\AI_Aaroha\Projects_Oct\AI-Driven-Autonomous-Vehicles\simulation_data\IMG\right_2020_11_16_02_43_00_047.jpg,0,0,0,2.276479
C:\AI_Aaroha\Projects_Oct\AI-Driven-Autonomous-Vehicles\simulation_data\IMG\center_2020_11_16_02_43_00_156.jpg,C:\AI_Aaroha\Projects_Oct\AI-Driven-Autonomous-Vehicles\simulation_data\IMG\left_2020_11_16_02_43_00_156.jpg,C:\AI_Aaroha\Projects_Oct\AI-Driven-Autonomous-Vehicles\simulation_data\IMG\right_2020_11_16_02_43_00_156.jpg,0,0,0,2.248231
C:\AI_Aaroha\Projects_Oct\AI-Driven-Autonomous-Vehicles\simulation_data\IMG\center_2020_11_16_02_43_00_266.jpg,C:\AI_Aaroha\Projects_Oct\AI-Driven-Autonomous-Vehicles\simulation_data\IMG\left_2020_11_16_02_43_00_266.jpg,C:\AI_Aaroha\Projects_Oct\AI-Driven-Autonomous-Vehicles\simulation_data\IMG\right_2020_11_16_02_43_00_266.jpg,0,0,0,2.224951
C:\AI_Aaroha\Projects_Oct\AI-Driven-Autonomous-Vehicles\simulation_data\IMG\center_2020_11_16_02_43_00_376.jpg,C:\AI_Aaroha\Projects_Oct\AI-Driven-Autonomous-Vehicles\simulation_data\IMG\left_2020_11_16_02_43_00_376.jpg,C:\AI_Aaroha\Projects_Oct\AI-Driven-Autonomous-Vehicles\simulation_data\IMG\right_2020_11_16_02_43_00_376.jpg,0,0,0,2.197322
C:\AI_Aaroha\Projects_Oct\AI-Driven-Autonomous-Vehicles\simulation_data\IMG\center_2020_11_16_02_43_00_485.jpg,C:\AI_Aaroha\Projects_Oct\AI-Driven-Autonomous-Vehicles\simulation_data\IMG\left_2020_11_16_02_43_00_485.jpg,C:\AI_Aaroha\Projects_Oct\AI-Driven-Autonomous-Vehicles\simulation_data\IMG\right_2020_11_16_02_43_00_485.jpg,0,0,0,2.174553
C:\AI_Aaroha\Projects_Oct\AI-Driven-Autonomous-Vehicles\simulation_data\IMG\center_2020_11_16_02_43_00_600.jpg,C:\AI_Aaroha\Projects_Oct\AI-Driven-Autonomous-Vehicles\simulation_data\IMG\left_2020_11_16_02_43_00_600.jpg,C:\AI_Aaroha\Projects_Oct\AI-Driven-Autonomous-Vehicles\simulation_data\IMG\right_2020_11_16_02_43_00_600.jpg,0,0,0,2.14753
C:\AI_Aaroha\Projects_Oct\AI-Driven-Autonomous-Vehicles\simulation_data\IMG\center_2020_11_16_02_43_00_712.jpg,C:\AI_Aaroha\Projects_Oct\AI-Driven-Autonomous-Vehicles\simulation_data\IMG\left_2020_11_16_02_43_00_712.jpg,C:\AI_Aaroha\Projects_Oct\AI-Driven-Autonomous-Vehicles\simulation_data\IMG\right_2020_11_16_02_43_00_712.jpg,0,0,0,2.125259
C:\AI_Aaroha\Projects_Oct\AI-Driven-Autonomous-Vehicles\simulation_data\IMG\center_2020_11_16_02_43_00_823.jpg,C:\AI_Aaroha\Projects_Oct\AI-Driven-Autonomous-Vehicles\simulation_data\IMG\left_2020_11_16_02_43_00_823.jpg,C:\AI_Aaroha\Projects_Oct\AI-Driven-Autonomous-Vehicles\simulation_data\IMG\right_2020_11_16_02_43_00_823.jpg,0,0,0,2.098828
C:\AI_Aaroha\Projects_Oct\AI-Driven-Autonomous-Vehicles\simulation_data\IMG\center_2020_11_16_02_43_00_935.jpg,C:\AI_Aaroha\Projects_Oct\AI-Driven-Autonomous-Vehicles\simulation_data\IMG\left_2020_11_16_02_43_00_935.jpg,C:\AI_Aaroha\Projects_Oct\AI-Driven-Autonomous-Vehicles\simulation_data\IMG\right_2020_11_16_02_43_00_935.jpg,0,0,0,2.072715
C:\AI_Aaroha\Projects_Oct\AI-Driven-Autonomous-Vehicles\simulation_data\IMG\center_2020_11_16_02_43_01_042.jpg,C:\AI_Aaroha\Projects_Oct\AI-Driven-Autonomous-Vehicles\simulation_data\IMG\left_2020_11_16_02_43_01_042.jpg,C:\AI_Aaroha\Projects_Oct\AI-Driven-Autonomous-Vehicles\simulation_data\IMG\right_2020_11_16_02_43_01_042.jpg,0,0,0,2.051195
C:\AI_Aaroha\Projects_Oct\AI-Driven-Autonomous-Vehicles\simulation_data\IMG\center_2020_11_16_02_43_01_152.jpg,C:\AI_Aaroha\Projects_Oct\AI-Driven-Autonomous-Vehicles\simulation_data\IMG\left_2020_11_16_02_43_01_152.jpg,C:\AI_Aaroha\Projects_Oct\AI-Driven-Autonomous-Vehicles\simulation_data\IMG\right_2020_11_16_02_43_01_152.jpg,0,0,0,2.025655
C:\AI_Aaroha\Projects_Oct\AI-Driven-Autonomous-Vehicles\simulation_data\IMG\center_2020_11_16_02_43_01_260.jpg,C:\AI_Aaroha\Projects_Oct\AI-Driven-Autonomous-Vehicles\simulation_data\IMG\left_2020_11_16_02_43_01_260.jpg,C:\AI_Aaroha\Projects_Oct\AI-Driven-Autonomous-Vehicles\simulation_data\IMG\right_2020_11_16_02_43_01_260.jpg,0,0,0,2.004606
C:\AI_Aaroha\Projects_Oct\AI-Driven-Autonomous-Vehicles\simulation_data\IMG\center_2020_11_16_02_43_01_366.jpg,C:\AI_Aaroha\Projects_Oct\AI-Driven-Autonomous-Vehicles\simulation_data\IMG\left_2020_11_16_02_43_01_366.jpg,C:\AI_Aaroha\Projects_Oct\AI-Driven-Autonomous-Vehicles\simulation_data\IMG\right_2020_11_16_02_43_01_366.jpg,0,0,0,1.983768
C:\AI_Aaroha\Projects_Oct\AI-Driven-Autonomous-Vehicles\simulation_data\IMG\center_2020_11_16_02_43_01_482.jpg,C:\AI_Aaroha\Projects_Oct\AI-Driven-Autonomous-Vehicles\simulation_data\IMG\left_2020_11_16_02_43_01_482.jpg,C:\AI_Aaroha\Projects_Oct\AI-Driven-Autonomous-Vehicles\simulation_data\IMG\right_2020_11_16_02_43_01_482.jpg,0,0,0,1.959041
C:\AI_Aaroha\Projects_Oct\AI-Driven-Autonomous-Vehicles\simulation_data\IMG\center_2020_11_16_02_43_01_592.jpg,C:\AI_Aaroha\Projects_Oct\AI-Driven-Autonomous-Vehicles\simulation_data\IMG\left_2020_11_16_02_43_01_592.jpg,C:\AI_Aaroha\Projects_Oct\AI-Driven-Autonomous-Vehicles\simulation_data\IMG\right_2020_11_16_02_43_01_592.jpg,0,0,0,1.938662
C:\AI_Aaroha\Projects_Oct\AI-Driven-Autonomous-Vehicles\simulation_data\IMG\center_2020_11_16_02_43_01_703.jpg,C:\AI_Aaroha\Projects_Oct\AI-Driven-Autonomous-Vehicles\simulation_data\IMG\left_2020_11_16_02_43_01_703.jpg,C:\AI_Aaroha\Projects_Oct\AI-Driven-Autonomous-Vehicles\simulation_data\IMG\right_2020_11_16_02_43_01_703.jpg,0,0,0,1.914477
C:\AI_Aaroha\Projects_Oct\AI-Driven-Autonomous-Vehicles\simulation_data\IMG\center_2020_11_16_02_43_01_811.jpg,C:\AI_Aaroha\Projects_Oct\AI-Driven-Autonomous-Vehicles\simulation_data\IMG\left_2020_11_16_02_43_01_811.jpg,C:\AI_Aaroha\Projects_Oct\AI-Driven-Autonomous-Vehicles\simulation_data\IMG\right_2020_11_16_02_43_01_811.jpg,0,0,0,1.894545
C:\AI_Aaroha\Projects_Oct\AI-Driven-Autonomous-Vehicles\simulation_data\IMG\center_2020_11_16_02_43_01_917.jpg,C:\AI_Aaroha\Projects_Oct\AI-Driven-Autonomous-Vehicles\simulation_data\IMG\left_2020_11_16_02_43_01_917.jpg,C:\AI_Aaroha\Projects_Oct\AI-Driven-Autonomous-Vehicles\simulation_data\IMG\right_2020_11_16_02_43_01_917.jpg,0,0,0,1.87089
C:\AI_Aaroha\Projects_Oct\AI-Driven-Autonomous-Vehicles\simulation_data\IMG\center_2020_11_16_02_43_02_030.jpg,C:\AI_Aaroha\Projects_Oct\AI-Driven-Autonomous-Vehicles\simulation_data\IMG\left_2020_11_16_02_43_02_030.jpg,C:\AI_Aaroha\Projects_Oct\AI-Driven-Autonomous-Vehicles\simulation_data\IMG\right_2020_11_16_02_43_02_030.jpg,0,0,0,1.851395
C:\AI_Aaroha\Projects_Oct\AI-Driven-Autonomous-Vehicles\simulation_data\IMG\center_2020_11_16_02_43_02_139.jpg,C:\AI_Aaroha\Projects_Oct\AI-Driven-Autonomous-Vehicles\simulation_data\IMG\left_2020_11_16_02_43_02_139.jpg,C:\AI_Aaroha\Projects_Oct\AI-Driven-Autonomous-Vehicles\simulation_data\IMG\right_2020_11_16_02_43_02_139.jpg,0,0,0,1.828352
C:\AI_Aaroha\Projects_Oct\AI-Driven-Autonomous-Vehicles\simulation_data\IMG\center_2020_11_16_02_43_02_254.jpg,C:\AI_Aaroha\Projects_Oct\AI-Driven-Autonomous-Vehicles\simulation_data\IMG\left_2020_11_16_02_43_02_254.jpg,C:\AI_Aaroha\Projects_Oct\AI-Driven-Autonomous-Vehicles\simulation_data\IMG\right_2020_11_16_02_43_02_254.jpg,0,0,0,1.805791
C:\AI_Aaroha\Projects_Oct\AI-Driven-Autonomous-Vehicles\simulation_data\IMG\center_2020_11_16_02_43_02_362.jpg,C:\AI_Aaroha\Projects_Oct\AI-Driven-Autonomous-Vehicles\simulation_data\IMG\left_2020_11_16_02_43_02_362.jpg,C:\AI_Aaroha\Projects_Oct\AI-Driven-Autonomous-Vehicles\simulation_data\IMG\right_2020_11_16_02_43_02_362.jpg,0,0,0,1.787238
C:\AI_Aaroha\Projects_Oct\AI-Driven-Autonomous-Vehicles\simulation_data\IMG\center_2020_11_16_02_43_02_473.jpg,C:\AI_Aaroha\Projects_Oct\AI-Driven-Autonomous-Vehicles\simulation_data\IMG\left_2020_11_16_02_43_02_473.jpg,C:\AI_Aaroha\Projects_Oct\AI-Driven-Autonomous-Vehicles\simulation_data\IMG\right_2020_11_16_02_43_02_473.jpg,0,0,0,1.76522
C:\AI_Aaroha\Projects_Oct\AI-Driven-Autonomous-Vehicles\simulation_data\IMG\center_2020_11_16_02_43_02_581.jpg,C:\AI_Aaroha\Projects_Oct\AI-Driven-Autonomous-Vehicles\simulation_data\IMG\left_2020_11_16_02_43_02_581.jpg,C:\AI_Aaroha\Projects_Oct\AI-Driven-Autonomous-Vehicles\simulation_data\IMG\right_2020_11_16_02_43_02_581.jpg,0,0,0,1.747075
C:\AI_Aaroha\Projects_Oct\AI-Driven-Autonomous-Vehicles\simulation_data\IMG\center_2020_11_16_02_43_02_691.jpg,C:\AI_Aaroha\Projects_Oct\AI-Driven-Autonomous-Vehicles\simulation_data\IMG\left_2020_11_16_02_43_02_691.jpg,C:\AI_Aaroha\Projects_Oct\AI-Driven-Autonomous-Vehicles\simulation_data\IMG\right_2020_11_16_02_43_02_691.jpg,0,0,0,1.729111
C:\AI_Aaroha\Projects_Oct\AI-Driven-Autonomous-Vehicles\simulation_data\IMG\center_2020_11_16_02_43_02_801.jpg,C:\AI_Aaroha\Projects_Oct\AI-Driven-Autonomous-Vehicles\simulation_data\IMG\left_2020_11_16_02_43_02_801.jpg,C:\AI_Aaroha\Projects_Oct\AI-Driven-Autonomous-Vehicles\simulation_data\IMG\right_2020_11_16_02_43_02_801.jpg,0,0,0,1.707793
C:\AI_Aaroha\Projects_Oct\AI-Driven-Autonomous-Vehicles\simulation_data\IMG\center_2020_11_16_02_43_02_910.jpg,C:\AI_Aaroha\Projects_Oct\AI-Driven-Autonomous-Vehicles\simulation_data\IMG\left_2020_11_16_02_43_02_910.jpg,C:\AI_Aaroha\Projects_Oct\AI-Driven-Autonomous-Vehicles\simulation_data\IMG\right_2020_11_16_02_43_02_910.jpg,0,0,0,1.690224
C:\AI_Aaroha\Projects_Oct\AI-Driven-Autonomous-Vehicles\simulation_data\IMG\center_2020_11_16_02_43_03_028.jpg,C:\AI_Aaroha\Projects_Oct\AI-Driven-Autonomous-Vehicles\simulation_data\IMG\left_2020_11_16_02_43_03_028.jpg,C:\AI_Aaroha\Projects_Oct\AI-Driven-Autonomous-Vehicles\simulation_data\IMG\right_2020_11_16_02_43_03_028.jpg,0,0,0,1.669374
C:\AI_Aaroha\Projects_Oct\AI-Driven-Autonomous-Vehicles\simulation_data\IMG\center_2020_11_16_02_43_03_142.jpg,C:\AI_Aaroha\Projects_Oct\AI-Driven-Autonomous-Vehicles\simulation_data\IMG\left_2020_11_16_02_43_03_142.jpg,C:\AI_Aaroha\Projects_Oct\AI-Driven-Autonomous-Vehicles\simulation_data\IMG\right_2020_11_16_02_43_03_142.jpg,0,0,0,1.648774
C:\AI_Aaroha\Projects_Oct\AI-Driven-Autonomous-Vehicles\simulation_data\IMG\center_2020_11_16_02_43_03_254.jpg,C:\AI_Aaroha\Projects_Oct\AI-Driven-Autonomous-Vehicles\simulation_data\IMG\left_2020_11_16_02_43_03_254.jpg,C:\AI_Aaroha\Projects_Oct\AI-Driven-Autonomous-Vehicles\simulation_data\IMG\right_2020_11_16_02_43_03_254.jpg,0,0,0,1.628422
C:\AI_Aaroha\Projects_Oct\AI-Driven-Autonomous-Vehicles\simulation_data\IMG\center_2020_11_16_02_43_03_364.jpg,C:\AI_Aaroha\Projects_Oct\AI-Driven-Autonomous-Vehicles\simulation_data\IMG\left_2020_11_16_02_43_03_364.jpg,C:\AI_Aaroha\Projects_Oct\AI-Driven-Autonomous-Vehicles\simulation_data\IMG\right_2020_11_16_02_43_03_364.jpg,0,0,0,1.61165
C:\AI_Aaroha\Projects_Oct\AI-Driven-Autonomous-Vehicles\simulation_data\IMG\center_2020_11_16_02_43_03_472.jpg,C:\AI_Aaroha\Projects_Oct\AI-Driven-Autonomous-Vehicles\simulation_data\IMG\left_2020_11_16_02_43_03_472.jpg,C:\AI_Aaroha\Projects_Oct\AI-Driven-Autonomous-Vehicles\simulation_data\IMG\right_2020_11_16_02_43_03_472.jpg,0,0,0,1.595047
C:\AI_Aaroha\Projects_Oct\AI-Driven-Autonomous-Vehicles\simulation_data\IMG\center_2020_11_16_02_43_03_580.jpg,C:\AI_Aaroha\Projects_Oct\AI-Driven-Autonomous-Vehicles\simulation_data\IMG\left_2020_11_16_02_43_03_580.jpg,C:\AI_Aaroha\Projects_Oct\AI-Driven-Autonomous-Vehicles\simulation_data\IMG\right_2020_11_16_02_43_03_580.jpg,0,0,0,1.575341
C:\AI_Aaroha\Projects_Oct\AI-Driven-Autonomous-Vehicles\simulation_data\IMG\center_2020_11_16_02_43_03_691.jpg,C:\AI_Aaroha\Projects_Oct\AI-Driven-Autonomous-Vehicles\simulation_data\IMG\left_2020_11_16_02_43_03_691.jpg,C:\AI_Aaroha\Projects_Oct\AI-Driven-Autonomous-Vehicles\simulation_data\IMG\right_2020_11_16_02_43_03_691.jpg,0,0,0,1.559101
C:\AI_Aaroha\Projects_Oct\AI-Driven-Autonomous-Vehicles\simulation_data\IMG\center_2020_11_16_02_43_03_800.jpg,C:\AI_Aaroha\Projects_Oct\AI-Driven-Autonomous-Vehicles\simulation_data\IMG\left_2020_11_16_02_43_03_800.jpg,C:\AI_Aaroha\Projects_Oct\AI-Driven-Autonomous-Vehicles\simulation_data\IMG\right_2020_11_16_02_43_03_800.jpg,0,0,0,1.539828
C:\AI_Aaroha\Projects_Oct\AI-Driven-Autonomous-Vehicles\simulation_data\IMG\center_2020_11_16_02_43_03_909.jpg,C:\AI_Aaroha\Projects_Oct\AI-Driven-Autonomous-Vehicles\simulation_data\IMG\left_2020_11_16_02_43_03_909.jpg,C:\AI_Aaroha\Projects_Oct\AI-Driven-Autonomous-Vehicles\simulation_data\IMG\right_2020_11_16_02_43_03_909.jpg,0,0,0,1.523945
C:\AI_Aaroha\Projects_Oct\AI-Driven-Autonomous-Vehicles\simulation_data\IMG\center_2020_11_16_02_43_04_022.jpg,C:\AI_Aaroha\Projects_Oct\AI-Driven-Autonomous-Vehicles\simulation_data\IMG\left_2020_11_16_02_43_04_022.jpg,C:\AI_Aaroha\Projects_Oct\AI-Driven-Autonomous-Vehicles\simulation_data\IMG\right_2020_11_16_02_43_04_022.jpg,0,0,0,1.505095
C:\AI_Aaroha\Projects_Oct\AI-Driven-Autonomous-Vehicles\simulation_data\IMG\center_2020_11_16_02_43_04_130.jpg,C:\AI_Aaroha\Projects_Oct\AI-Driven-Autonomous-Vehicles\simulation_data\IMG\left_2020_11_16_02_43_04_130.jpg,C:\AI_Aaroha\Projects_Oct\AI-Driven-Autonomous-Vehicles\simulation_data\IMG\right_2020_11_16_02_43_04_130.jpg,0,0,0,1.48956
C:\AI_Aaroha\Projects_Oct\AI-Driven-Autonomous-Vehicles\simulation_data\IMG\center_2020_11_16_02_43_04_239.jpg,C:\AI_Aaroha\Projects_Oct\AI-Driven-Autonomous-Vehicles\simulation_data\IMG\left_2020_11_16_02_43_04_239.jpg,C:\AI_Aaroha\Projects_Oct\AI-Driven-Autonomous-Vehicles\simulation_data\IMG\right_2020_11_16_02_43_04_239.jpg,0,0,0,1.471124
C:\AI_Aaroha\Projects_Oct\AI-Driven-Autonomous-Vehicles\simulation_data\IMG\center_2020_11_16_02_43_04_351.jpg,C:\AI_Aaroha\Projects_Oct\AI-Driven-Autonomous-Vehicles\simulation_data\IMG\left_2020_11_16_02_43_04_351.jpg,C:\AI_Aaroha\Projects_Oct\AI-Driven-Autonomous-Vehicles\simulation_data\IMG\right_2020_11_16_02_43_04_351.jpg,0,0,0,1.45593
C:\AI_Aaroha\Projects_Oct\AI-Driven-Autonomous-Vehicles\simulation_data\IMG\center_2020_11_16_02_43_04_458.jpg,C:\AI_Aaroha\Projects_Oct\AI-Driven-Autonomous-Vehicles\simulation_data\IMG\left_2020_11_16_02_43_04_458.jpg,C:\AI_Aaroha\Projects_Oct\AI-Driven-Autonomous-Vehicles\simulation_data\IMG\right_2020_11_16_02_43_04_458.jpg,0,0,0,1.437899
C:\AI_Aaroha\Projects_Oct\AI-Driven-Autonomous-Vehicles\simulation_data\IMG\center_2020_11_16_02_43_04_567.jpg,C:\AI_Aaroha\Projects_Oct\AI-Driven-Autonomous-Vehicles\simulation_data\IMG\left_2020_11_16_02_43_04_567.jpg,C:\AI_Aaroha\Projects_Oct\AI-Driven-Autonomous-Vehicles\simulation_data\IMG\right_2020_11_16_02_43_04_567.jpg,0,0,0,1.423038
C:\AI_Aaroha\Projects_Oct\AI-Driven-Autonomous-Vehicles\simulation_data\IMG\center_2020_11_16_02_43_04_677.jpg,C:\AI_Aaroha\Projects_Oct\AI-Driven-Autonomous-Vehicles\simulation_data\IMG\left_2020_11_16_02_43_04_677.jpg,C:\AI_Aaroha\Projects_Oct\AI-Driven-Autonomous-Vehicles\simulation_data\IMG\right_2020_11_16_02_43_04_677.jpg,0,0,0,1.405402
C:\AI_Aaroha\Projects_Oct\AI-Driven-Autonomous-Vehicles\simulation_data\IMG\center_2020_11_16_02_43_04_786.jpg,C:\AI_Aaroha\Projects_Oct\AI-Driven-Autonomous-Vehicles\simulation_data\IMG\left_2020_11_16_02_43_04_786.jpg,C:\AI_Aaroha\Projects_Oct\AI-Driven-Autonomous-Vehicles\simulation_data\IMG\right_2020_11_16_02_43_04_786.jpg,0,0,0,1.390868
C:\AI_Aaroha\Projects_Oct\AI-Driven-Autonomous-Vehicles\simulation_data\IMG\center_2020_11_16_02_43_04_899.jpg,C:\AI_Aaroha\Projects_Oct\AI-Driven-Autonomous-Vehicles\simulation_data\IMG\left_2020_11_16_02_43_04_899.jpg,C:\AI_Aaroha\Projects_Oct\AI-Driven-Autonomous-Vehicles\simulation_data\IMG\right_2020_11_16_02_43_04_899.jpg,0,0,0,1.373619
C:\AI_Aaroha\Projects_Oct\AI-Driven-Autonomous-Vehicles\simulation_data\IMG\center_2020_11_16_02_43_05_006.jpg,C:\AI_Aaroha\Projects_Oct\AI-Driven-Autonomous-Vehicles\simulation_data\IMG\left_2020_11_16_02_43_05_006.jpg,C:\AI_Aaroha\Projects_Oct\AI-Driven-Autonomous-Vehicles\simulation_data\IMG\right_2020_11_16_02_43_05_006.jpg,0,0,0,1.359404
C:\AI_Aaroha\Projects_Oct\AI-Driven-Autonomous-Vehicles\simulation_data\IMG\center_2020_11_16_02_43_05_116.jpg,C:\AI_Aaroha\Projects_Oct\AI-Driven-Autonomous-Vehicles\simulation_data\IMG\left_2020_11_16_02_43_05_116.jpg,C:\AI_Aaroha\Projects_Oct\AI-Driven-Autonomous-Vehicles\simulation_data\IMG\right_2020_11_16_02_43_05_116.jpg,0,0,0,1.342534
C:\AI_Aaroha\Projects_Oct\AI-Driven-Autonomous-Vehicles\simulation_data\IMG\center_2020_11_16_02_43_05_228.jpg,C:\AI_Aaroha\Projects_Oct\AI-Driven-Autonomous-Vehicles\simulation_data\IMG\left_2020_11_16_02_43_05_228.jpg,C:\AI_Aaroha\Projects_Oct\AI-Driven-Autonomous-Vehicles\simulation_data\IMG\right_2020_11_16_02_43_05_228.jpg,0,0,0,1.328631
C:\AI_Aaroha\Projects_Oct\AI-Driven-Autonomous-Vehicles\simulation_data\IMG\center_2020_11_16_02_43_05_336.jpg,C:\AI_Aaroha\Projects_Oct\AI-Driven-Autonomous-Vehicles\simulation_data\IMG\left_2020_11_16_02_43_05_336.jpg,C:\AI_Aaroha\Projects_Oct\AI-Driven-Autonomous-Vehicles\simulation_data\IMG\right_2020_11_16_02_43_05_336.jpg,0,0,0,1.312133
C:\AI_Aaroha\Projects_Oct\AI-Driven-Autonomous-Vehicles\simulation_data\IMG\center_2020_11_16_02_43_05_449.jpg,C:\AI_Aaroha\Projects_Oct\AI-Driven-Autonomous-Vehicles\simulation_data\IMG\left_2020_11_16_02_43_05_449.jpg,C:\AI_Aaroha\Projects_Oct\AI-Driven-Autonomous-Vehicles\simulation_data\IMG\right_2020_11_16_02_43_05_449.jpg,0,0,0,1.298537
C:\AI_Aaroha\Projects_Oct\AI-Driven-Autonomous-Vehicles\simulation_data\IMG\center_2020_11_16_02_43_05_566.jpg,C:\AI_Aaroha\Projects_Oct\AI-Driven-Autonomous-Vehicles\simulation_data\IMG\left_2020_11_16_02_43_05_566.jpg,C:\AI_Aaroha\Projects_Oct\AI-Driven-Autonomous-Vehicles\simulation_data\IMG\right_2020_11_16_02_43_05_566.jpg,0,0,0,1.282401
C:\AI_Aaroha\Projects_Oct\AI-Driven-Autonomous-Vehicles\simulation_data\IMG\center_2020_11_16_02_43_05_680.jpg,C:\AI_Aaroha\Projects_Oct\AI-Driven-Autonomous-Vehicles\simulation_data\IMG\left_2020_11_16_02_43_05_680.jpg,C:\AI_Aaroha\Projects_Oct\AI-Driven-Autonomous-Vehicles\simulation_data\IMG\right_2020_11_16_02_43_05_680.jpg,0,0,0,1.26646
C:\AI_Aaroha\Projects_Oct\AI-Driven-Autonomous-Vehicles\simulation_data\IMG\center_2020_11_16_02_43_05_799.jpg,C:\AI_Aaroha\Projects_Oct\AI-Driven-Autonomous-Vehicles\simulation_data\IMG\left_2020_11_16_02_43_05_799.jpg,C:\AI_Aaroha\Projects_Oct\AI-Driven-Autonomous-Vehicles\simulation_data\IMG\right_2020_11_16_02_43_05_799.jpg,0,0,0,1.25071
C:\AI_Aaroha\Projects_Oct\AI-Driven-Autonomous-Vehicles\simulation_data\IMG\center_2020_11_16_02_43_05_920.jpg,C:\AI_Aaroha\Projects_Oct\AI-Driven-Autonomous-Vehicles\simulation_data\IMG\left_2020_11_16_02_43_05_920.jpg,C:\AI_Aaroha\Projects_Oct\AI-Driven-Autonomous-Vehicles\simulation_data\IMG\right_2020_11_16_02_43_05_920.jpg,0,0,0,1.23515
C:\AI_Aaroha\Projects_Oct\AI-Driven-Autonomous-Vehicles\simulation_data\IMG\center_2020_11_16_02_43_06_030.jpg,C:\AI_Aaroha\Projects_Oct\AI-Driven-Autonomous-Vehicles\simulation_data\IMG\left_2020_11_16_02_43_06_030.jpg,C:\AI_Aaroha\Projects_Oct\AI-Driven-Autonomous-Vehicles\simulation_data\IMG\right_2020_11_16_02_43_06_030.jpg,0,0,0,1.222326
C:\AI_Aaroha\Projects_Oct\AI-Driven-Autonomous-Vehicles\simulation_data\IMG\center_2020_11_16_02_43_06_151.jpg,C:\AI_Aaroha\Projects_Oct\AI-Driven-Autonomous-Vehicles\simulation_data\IMG\left_2020_11_16_02_43_06_151.jpg,C:\AI_Aaroha\Projects_Oct\AI-Driven-Autonomous-Vehicles\simulation_data\IMG\right_2020_11_16_02_43_06_151.jpg,0,0,0,1.207108
